{"cameraMode":{"drawMode":0,"name":"Shaded","section":"Shading Mode"},"sceneLighting":true,"audioPlay":false,"sceneViewState":{"m_AlwaysRefresh":false,"showFog":true,"showSkybox":true,"showFlares":true,"showImageEffects":true,"showParticleSystems":true,"showVisualEffectGraphs":true,"m_FxEnabled":true},"in2DMode":false,"pivot":{"x":6.273341655731201,"y":7.673490524291992,"z":-21.298860549926759},"rotation":{"x":-0.028995560482144357,"y":0.08386610448360443,"z":0.002441189019009471,"w":0.9960547685623169},"size":10.593209266662598,"orthographic":false}